{
    "NonViolence": {
        "precision": 0.7839886309805779,
        "recall": 0.8193069306930693,
        "f1-score": 0.8012587751149842,
        "support": 2020.0
    },
    "Violence": {
        "precision": 0.8104880581516095,
        "recall": 0.7739216658403569,
        "f1-score": 0.7917829064164342,
        "support": 2017.0
    },
    "accuracy": 0.7966311617537776,
    "macro avg": {
        "precision": 0.7972383445660938,
        "recall": 0.796614298266713,
        "f1-score": 0.7965208407657092,
        "support": 4037.0
    },
    "weighted avg": {
        "precision": 0.7972284983583265,
        "recall": 0.7966311617537776,
        "f1-score": 0.7965243616483071,
        "support": 4037.0
    }
}